{
            "mean_score": [
                        0.030241047566911827,
                        0.052866108780726784
            ],
            "std_score": [
                        0.0023901546962044923,
                        0.002703623372386492
            ],
            "mean_glob": [
                        [
                                    0.005149560952014047,
                                    0.0003369843387429494
                        ],
                        [
                                    59.10433804399133,
                                    901.7779110056975
                        ]
            ],
            "std_glob": [
                        [
                                    0.001257018624070805,
                                    0.00011697322293692347
                        ],
                        [
                                    23.29751311442191,
                                    196.5628878092389
                        ]
            ]
}