{
            "mean_score": [
                        0.043065798111104725,
                        0.08333928041780989
            ],
            "std_score": [
                        0.002543227062872987,
                        0.010056787405768347
            ],
            "mean_glob": [
                        [
                                    0.01261817126733579,
                                    0.00048253823005717293
                        ],
                        [
                                    73.29943107371815,
                                    2067.906074409105
                        ]
            ],
            "std_glob": [
                        [
                                    0.0037482965621498427,
                                    0.00021356804330699127
                        ],
                        [
                                    13.124458495924237,
                                    597.4349712082217
                        ]
            ]
}