{
            "mean_score": [
                        0.491158268476526,
                        0.6661720533917348
            ],
            "std_score": [
                        0.08039069903806595,
                        0.1553411718118612
            ],
            "mean_glob": [
                        [
                                    0.15900394454156372,
                                    0.009953150765692198
                        ],
                        [
                                    1204.9192698166908,
                                    30674.343582211506
                        ]
            ],
            "std_glob": [
                        [
                                    0.1372073606855764,
                                    0.0037716057097910215
                        ],
                        [
                                    280.17774802153656,
                                    4001.714828229569
                        ]
            ]
}