{
            "mean_score": [
                        0.032007996514439585,
                        0.3589376099656026
            ],
            "std_score": [
                        0.0028546925334665923,
                        0.15332324798479757
            ],
            "mean_glob": [
                        [
                                    0.23549569025266504,
                                    0.0016529869515486122
                        ],
                        [
                                    36.39804433840381,
                                    659.4769216968964
                        ]
            ],
            "std_glob": [
                        [
                                    0.17214791955242506,
                                    0.0011714634888308668
                        ],
                        [
                                    10.069255018687848,
                                    121.56493958691084
                        ]
            ]
}