{
            "mean_score": [
                        0.030347345453531793,
                        0.04975609229023879
            ],
            "std_score": [
                        0.001997820692230764,
                        0.0026471326920246285
            ],
            "mean_glob": [
                        [
                                    0.0066910118871646536,
                                    0.0003710357983270117
                        ],
                        [
                                    62.57343091526475,
                                    735.3113672816168
                        ]
            ],
            "std_glob": [
                        [
                                    0.0009224569160253212,
                                    9.76866678447737e-05
                        ],
                        [
                                    16.62308819960268,
                                    149.2814196315012
                        ]
            ]
}