{
            "mean_score": [
                        0.01830865476629697,
                        0.040263289404877764
            ],
            "std_score": [
                        0.0011580858921318102,
                        0.0028279352252010407
            ],
            "mean_glob": [
                        [
                                    0.003940036078760767,
                                    0.000179765984735037
                        ],
                        [
                                    29.936801149285294,
                                    824.4809953599135
                        ]
            ],
            "std_glob": [
                        [
                                    0.0013893456061945635,
                                    3.400157174696688e-05
                        ],
                        [
                                    6.866415892582723,
                                    136.17611890235722
                        ]
            ]
}