{
            "mean_score": [
                        0.0360799896546329,
                        0.0639241375712057
            ],
            "std_score": [
                        0.0075328816144435845,
                        0.012604668123261444
            ],
            "mean_glob": [
                        [
                                    0.0059868049956863225,
                                    0.0004428924455856148
                        ],
                        [
                                    67.46698069389846,
                                    1165.9303629286583
                        ]
            ],
            "std_glob": [
                        [
                                    0.0026685643797089106,
                                    0.00013625374255424297
                        ],
                        [
                                    24.722431278473916,
                                    393.6862532112294
                        ]
            ]
}