{
            "mean_score": [
                        0.02965252116244907,
                        0.048141737603582445
            ],
            "std_score": [
                        0.0014557063114724596,
                        0.002684794771231559
            ],
            "mean_glob": [
                        [
                                    0.0051873691904745335,
                                    0.0003394408764734938
                        ],
                        [
                                    44.19213087532604,
                                    717.6908725024704
                        ]
            ],
            "std_glob": [
                        [
                                    0.0010393130694640897,
                                    6.56495601499341e-05
                        ],
                        [
                                    11.307989677168434,
                                    181.44968179415963
                        ]
            ]
}